7613-H5	2016
7613-D1	2016
7613-C7	2017
7881-G5	2017
7881-A11	2017
7613-B5	2017
7613-C5	2017
7613-A2	2016
7613-C1	2016
7881-A6	2016
7881-E6	2016
7613-A1	2016
7881-E9	2016
7881-C6	2016
7881-B6	2016
7613-B1	2016
7881-D7	2016
7881-G10	2016
7613-F1	2016
7881-F10	2016
7881-F11	2016
7613-B12	2016
7881-H8	2016
7613-D11	2017
7613-F12	2017
7613-A12	2017
7613-A4	2017
7613-F2	2017
7613-G2	2017
7613-H2	2017
7881-G11	2017
7613-H7	2017
7881-G9	2017
7613-C4	2017
7613-A11	2017
7613-C3	2017
7613-D4	2017
7881-G8	2017
7613-G1	2017
7613-C8	2017
7613-G8	2017
7613-H8	2017
7613-E9	2017
7613-F3	2017
7613-A7	2017
7613-E2	2017
7613-D2	2017
7613-A10	2017
7881-G7	2017
7613-G10	2017
7613-B2	2017
7613-H6	2017
7613-E6	2017
7613-H10	2017
7613-F6	2017
7613-A6	2017
7881-H10	2017
7613-C2	2017
7613-D9	2017
7881-E7	2017
7613-E7	2017
7613-H9	2017
7613-G9	2017
7613-C10	2017
7613-C9	2017
7613-D7	2017
7613-F9	2017
7613-B10	2017
7613-A3	2017
7881-F9	2017
7881-H9	2017
7881-F7	2017
7881-F5	2017
7881-H6	2017
7613-G11	2017
7613-G12	2017
7613-F8	2017
7613-H12	2017
7613-E8	2017
7613-E10	2017
7613-C12	2017
7613-F10	2017
7613-B6	2017
7613-C6	2017
7613-D12	2017
7613-E12	2017
7613-H11	2018
7613-D6	2018
7881-H7	2018
7881-F8	2018
7881-B11	2018
7881-E8	2018
7881-C11	2018
7613-H1	2018
7881-D11	2018
7881-C9	2018
7881-A9	2018
7613-B8	2018
7613-A8	2018
7881-H3	2018
7613-G7	2018
7881-E11	2018
7881-F4	2018
7881-B7	2018
7881-D5	2018
7613-F7	2018
7613-B4	2018
7613-A9	2018
7881-E4	2018
7613-F11	2018
7881-B9	2018
7613-E11	2018
7613-C11	2018
7613-B11	2018
7881-D9	2018
7881-G4	2018
7881-D4	2018
7613-D10	2018
7613-F5	2018
7881-C4	2018
7881-C7	2018
7613-B9	2018
7613-G5	2018
7613-G6	2018
7881-A10	2018
7881-B10	2019
7881-C10	2019
7881-D10	2019
7881-A8	2019
7881-E10	2019
7613-G4	2019
7881-F6	2019
7881-H4	2018
7881-C8	2018
7881-D8	2018
7613-D3	2018
7881-A5	2018
7613-E3	2018
7613-G3	2018
7881-C5	2018
7613-H3	2018
7881-B5	2018
7881-D6	2018
7613-E1	2019
7881-G6	2019
7881-E5	2019
7881-H5	2019
7881-B8	2019
7881-A4	2019
7881-B4	2019
7613-B3	2019
7613-H4	2019
7613-F4	2019
7613-E4	2019
7613-D5	2019
7613-E5	2019
7613-A5	2019
7613-B7	2019
7881-A7	2017
7613-D8	2017
